num,subcategories,sid
1,3D Modeling and CAD Services,1
2,Advert Design,1
3,Animation,1
4,Binding,1
5,Brand Design,1
6,Brochure Design,1
7,Business Card Design,1
8,E Commerce,1
9,Email Template Design,1
10,Engineering and Technical Design,1
11,Engineering Design,1
12,Flyer & Leaflet Design,1
13,General Software development,1
14,Graphic Design,1
15,Illustrators,1
16,Logo Design,1
17,Mobile Software Development,1
18,Office Stationery,1
19,Packaging Design,1
20,Presentation Design,1
21,Print Design,1
22,Technical Design,1
23,UX & UI Design,1
24,Web Design,1
25,Web Development,1
26,Above Ground Swimming Pool Installation,2
27,Hot Tub and Spa Cleaning,2
28,"Hot Tub and Spa Installation, Maintenance & Cleaning",2
29,Hot Tub and Spa Repair,2
30,Swimming Pool Installation,2
31,Swimming Pool Repair,2
32,Academic Entrance Exams Tutoring,3
33,Astronomy Tutoring,3
34,Biology Tutoring,3
35,Calculus Tutoring,3
36,Chemistry Tutoring,3
37,Economics Tutoring,3
38,Electrical Engineering Tutoring,3
39,Engineering Tutoring,3
40,Environmental Science Tutoring,3
41,Geography Tutoring,3
42,GRE Tutoring,3
43,High Valyrian Tutoring,3
44,History Tutoring,3
45,Jobs Entrance Exam Tutoring,3
46,Language Tutoring,3
47,Maths Tutoring,3
48,MCAT Tutoring,3
49,Mechanical Engineering Tutoring,3
50,Philosophy Tutoring,3
51,Physics Tutoring,3
52,Poetry Lessons,3
53,Precalculus Tutoring,3
54,Psychology Tutoring,3
55,Reading and Writing Tutoring,3
56,SAT Tutoring,3
57,Science Tutoring,3
58,Social Science Tutoring,3
59,Statistics Tutoring,3
60,Test of English as a Foreign Language TOEFL,3
61,Trigonometry Tutoring,3
62,Tutoring,3
63,Veterinary Science Tutoring,3
64,Acapella Group Entertainment,4
65,Bagpipers,4
66,Band Entertainment,4
67,Big Band and Swing Band Entertainment,4
68,Blues Band Entertainment,4
69,Brass Band Entertainment,4
70,Christian Music Band Entertainment,4
71,Composers,4
72,Country Band Entertainment,4
73,DJ,4
74,Hip Hop Performers,4
75,Jazz Band Entertainment,4
76,Karaoke,4
77,Latin Band Entertainment,4
78,Mariachi Band Entertainment,4
79,Music Duo Entertainment,4
80,Party Music Consultants,4
81,Pop Band Entertainment,4
82,Quintet Entertainment,4
83,R and B Entertainment,4
84,Reggae Band Entertainment,4
85,Rock Band Entertainment,4
86,Solo Musician Entertainment,4
87,String Quartet Entertainment,4
88,Wedding Music Bands,4
89,Access Control & Door Entry,5
90,Automated Gates & Bollards,5
91,Burglar, Security & Intruder Alarm Installation,5
92,CCTV Installation,5
93,External Shutter Installation,5
94,Fire Alarm System Installation,5
95,Fire Safety Management,5
96,Fire Sprinkler System Installation,5
97,Home & Safety Compliance Solutions,5
98,Locksmith,5
99,Security Fence Installation,5
100,Security Gate & Barrier Installation,5
101,Security Shutter Installation,5
102,Security Shutter Maintenance,5
103,Accordion Lessons,6
104,Acting Classes,6
105,Bagpipe Lessons,6
106,Ballroom Dance Classes,6
107,Banjo Lessons,6
108,Bass Guitar Lessons,6
109,Bassoon Lessons,6
110,Belly Dance Lessons,6
111,Cello Lessons,6
112,Circus Arts Lessons,6
113,Clarinet Lessons,6
114,Comedy Lessons,6
115,Dance Choreography Lessons,6
116,Dance Lessons,6
117,Double Bass Lessons,6
118,Drum Lessons,6
119,Fiddle Lessons,6
120,Flute Lessons,6
121,French Horn Lessons,6
122,Guitar Lessons,6
123,Harmonica Lessons,6
124,Harp Lessons,6
125,Hip Hop Dance Classes,6
126,Keyboard Lessons,6
127,Mandolin Lessons,6
128,Music Composition Lessons,6
129,Music Theory Lessons,6
130,Oboe Lessons,6
131,Piano Lessons,6
132,Pole Dancing Classes,6
133,Rap Music Lessons,6
134,Salsa Dance Lessons,6
135,Saxophone Lessons,6
136,Singing Lessons,6
137,Tango Dance Lessons,6
138,Tap Dance Lessons,6
139,Trombone Lessons,6
140,Trumpet Lessons,6
141,Ukulele Lessons,6
142,Viola Lessons,6
143,Violin Lessons,6
144,Accounting,7
145,Bookkeeping Services,7
146,Business Accounting Services,7
147,Card Processing,7
148,EPOS,7
149,Invoice Factoring,7
150,Small Business Loans,7
151,Accounting Training,8
152,Adult Basic Education Tutoring,8
153,Bartending Training,8
154,Business & Career Coaching,8
155,Business Finance Training,8
156,Computer Lessons,8
157,Construction Safety Training,8
158,Cosmetology Training,8
159,Flight Training,8
160,Leadership Development Training,8
161,Legal Training,8
162,Makeup Artistry Lessons,8
163,Marketing Training,8
164,Medical Coding Training,8
165,Modeling Lessons,8
166,Music Teacher Training,8
167,Negotiation Training,8
168,Neonatal Resuscitation Program Lessons,8
169,Personal Finance Instruction,8
170,Public Speaking Lessons,8
171,Real Estate Training,8
172,Sales Training,8
173,Search Engine Optimization Training,8
174,Sign Language Lessons,8
175,Social Security Advice and Consultation,8
176,Speech & Language Therapy,8
177,Study Skills Training,8
178,Teacher Training,8
179,Typing Training,8
180,Actor,9
181,Aerial & Drone Photography,9
182,Architectural Photography,9
183,Audio Production Specialists,9
184,AV Equipment Rental for Events,9
185,Boudoir Photography,9
186,Commercial & Corporate Photographers,9
187,Commercial Movie, or Music Videography,9
188,Craft Party Planning,9
189,Event & Party Photography,9
190,Event & Party Planners,9
191,Event Decorator and Designing,9
192,Event Videography,9
193,Funeral Services,9
194,Headshot Photographers,9
195,Nature Photography,9
196,Party Rental Supplies,9
197,Pet Photography,9
198,Portrait Photographers,9
199,Property Photography,9
200,Sports Photography,9
201,Staging and Trussing,9
202,Video Design & Production,9
203,Video Editing,9
204,Wedding Decorating,9
205,Wedding Photography,9
206,Wedding Planning,9
207,Wedding Stationery,9
208,Acupuncture & Acupressure,10
209,Addiction Therapy,10
210,Adolescent Counselling,10
211,Alternative Healing,10
212,Aromatherapy,10
213,Beauticians,10
214,Bereavement Counselling,10
215,Cancer Counselling,10
216,Child Counselling,10
217,Chiropractor,10
218,Cognitive Behaviour Therapy,10
219,Comfort Pets,10
220,Complementary Therapy,10
221,Counselling,10
222,Couples Counselling,10
223,Dentists,10
224,Depression Counselling,10
225,Dynamic Interpersonal Therapy,10
226,Employee Assistance Programmes,10
227,Family Counselling,10
228,Gambling Therapy,10
229,Hearing Aids,10
230,Holistic Therapy,10
231,Homeopathy,10
232,Hypnotherapy,10
233,Iridology,10
234,Jungian Psychoanalysis,10
235,Laser Eye Surgery,10
236,Life Coaching,10
237,Massage Therapy,10
238,Massage Training,10
239,Nutritionists & Dietitians,10
240,Osteopathy,10
241,Physical Therapy,10
242,Podiatry & Chiropodists,10
243,Post Natal Depression,10
244,Private Doctors,10
245,Private Psychiatry,10
246,Psychodynamic Psychotherapy,10
247,Psychology,10
248,Psychotherapy,10
249,Qigong Lessons,10
250,Reflexology,10
251,Reiki Healing,10
252,Relationship and Marriage Counselling,10
253,Shiatsu,10
254,Sophrology,10
255,Stylists,10
256,Therapist,11
257,Advertising,11
258,Advertising Copywriting,11
259,Online Media Buying,11
260,Print Media Purchasing,11
261,Radio Airtime Purchasing,11
262,Straplines and Slogans,11
263,TV Media Buying,11
264,Advertising Copywriting,12
265,Articles and Report Writing,12
266,Brochure Copywriting,12
267,Case Study Copywriting,12
268,Email Copywriting,12
269,Marketing Copywriting,12
270,PPC Advert Copywriting,12
271,Script Writing Services,12
272,SEO Copywriting and Content,12
273,Website Copywriting,12
274,Aerial & Drone Photography,12
275,Architectural Photography,12
276,Boudoir Photography,12
277,Commercial & Corporate Photographers,12
278,Engagement Photography,12
279,Event & Party Photography,12
280,Event Videography,12
281,General Photography,12
282,Headshot Photographers,12
283,Models,12
284,Nature Photography,12
285,Passport Visa and ID Photography,12
286,Pet Photography,12
287,Photo Scanning,12
288,Photography Assistants,12
289,Portrait Photographers,12
290,Property Photography,12
291,Sports Photography,12
292,Video Editing,12
293,Wedding Photography,12
294,Wedding Videography,12
295,Aerial Installation,13
296,Aerial Repairs & Maintenance,13
297,Digital Home Networking,13
298,Electronic Blinds Shutters & Curtains Installation,13
299,Electronic Blinds Shutters & Curtains Repair,13
300,Home Automation Services,13
301,Satellite & Set Top Boxes,13
302,Thermostat Installation & Repair,13
303,TV & Home Theatre Installation or Mounting,13
304,TV & Home Theatre Servicing,13
305,TV Installation & Mounting,13
306,Affiliate Marketing,14
307,Branded Merchandise,14
308,Branding & Brand Management,14
309,Direct Mail Marketing Production,14
310,Email Management,14
311,Email Marketing,14
312,Marketing Agencies,14
313,Marketing Strategy Consulting,14
314,Mobile Marketing,14
315,Other Digital Marketing Services,14
316,Paid Search (PPC) Specialists,14
317,Public Relations Agency,14
318,Search Engine Optimization (SEO) Specialists,14
319,Social Media Marketing,14
320,Telemarketing,14
321,Affiliate Marketing,15
322,Email Marketing,15
323,Other Digital Marketing Services,15
324,Paid Search (PPC) Specialists,15
325,Search Engine Optimization (SEO) Specialists,15
326,Social Media Marketing,15
327,Air Conditioning Installation,16
328,Air Conditioning Service & Repair,16
329,Boiler Installation or Replacement,16
330,Boiler Repair or Maintenance,16
331,Boiler Service,16
332,Ceiling Fan Installation and Repair,16
333,Central Heating System Installation & Replacement,16
334,Central Heating System Repair & Maintenance,16
335,Damp Proofing,16
336,Draught Proofing & Window Insulation,16
337,Duct & Vent Cleaning,16
338,Duct & Vent Maintenance or Repair,16
339,Fan Installation,16
340,Fan Service & Repair,16
341,Fireplace & Chimney Installation,16
342,Fireplace & Chimney Service & Repair,16
343,Gas Appliance Installation,16
344,Gas Appliance Maintenance or Repair,16
345,Gas Safety Check,16
346,General Plumbing,16
347,Geothermal Energy Services,16
348,Heat Pump Installation and Repair,16
349,Home Insulation,16
350,Mould Inspection & Remediation,16
351,Mould Remediation,16
352,Solar Heating System Installation,16
353,Solar Heating System Maintenance,16
354,Thermostat Installation & Repair,16
355,"Timber Preservation, Woodworm & Rot",16
356,Under Floor Heating - Electric System Repair & Maintenance,16
357,Under Floor Heating - Water System Repair & Maintenance,16
358,Under Floor Heating Installation,16
359,Water Heater Installation,16
360,Water Heater Repair or Maintenance,16
361,Aircraft Maintenance Specialists,17
362,ATM Repair,17
363,Boat Maintenance Specialists,17
364,Car & Vehicle Bodyshops,17
365,Car & Vehicle Mechanics,17
366,Coin Operated Machine Repair,17
367,Computer Repair,17
368,Data Recovery,17
369,Dishwasher Repair,17
370,Exercise Equipment Repair,17
371,Heavy Equipment Repair Services,17
372,Lawn Mower Repair,17
373,Medical Equipment Repair,17
374,Mobile Phone Unlocking,17
375,Network Database and IT Support,17
376,Phone or Tablet Repair,17
377,Pool Table Repair Services,17
378,Pressure Washer Repair,17
379,Printer and Copier Repair,17
380,Refrigerator Repair,17
381,Telephone System Services,17
382,TV & AV Repair,17
383,Vacuum Cleaner Repair,17
384,Vehicle Window Tinting,17
385,Washing Machine Repair,17
386,Airport Transfers,18
387,Auto Electrical,18
388,Bus & Coach Hire,18
389,Car Cleaning & Valet,18
390,Limousine Hire,18
391,Removal Companies,18
392,Vehicle Hire Companies,18
393,Animal Show Entertainment,19
394,Balloon Artistry,19
395,Balloon Twisters & Entertainers,19
396,Belly Dancing,19
397,Body Painting,19
398,Bouncy Castle Hire,19
399,Bubble Blowing,19
400,Caricaturing,19
401,Casino Hire,19
402,Circus Acting,19
403,Clown Entertainment,19
404,Comedians,19
405,Costumed Character Entertainment,19
406,Dance Entertainment,19
407,Dove Releasing,19
408,Event Entertainment,19
409,Face Painting,19
410,Fireworks Show Entertainment,19
411,Free Running and Parkour Performing,19
412,Fun Fair Hire,19
413,Henna Tattooing,19
414,Impersonating,19
415,Laser Show Entertainment,19
416,Magician,19
417,MC and Hosts,19
418,Mechanical Bull Rental Services,19
419,Miming,19
420,Mobile Petting Zoo Entertainment,19
421,Photo Booth Hire,19
422,Pony Riding,19
423,Portrait Artistry,19
424,Puppet Show Entertainment,19
425,Soft Play Hire,19
426,Storytellers,19
427,Stunt Show Entertainment,19
428,Temporary Tattoo Artistry,19
429,Venue Hire,19
430,Appliance Installation & Removal,20
431,Appliance Repair,20
432,Ceiling Fan Installation and Repair,20
433,Electrical Inspections & PAT Testing,20
434,Electricians,20
435,Electronic Blinds Shutters & Curtains Installation,20
436,Electronic Blinds Shutters & Curtains Repair,20
437,Fan Installation,20
438,Fan Service & Repair,20
439,Generator Repair,20
440,Generator Services,20
441,Holiday Lighting Installation,20
442,Hot Tub and Spa Installation Maintenance & Cleaning,20
443,Hot Tub and Spa Repair,20
444,Interior Lighting Designer,20
445,Interior Lighting Installation,20
446,Lamp Installation,20
447,Outdoor Lighting & Power,20
448,Power Invertor Services,20
449,Refrigerator Installation,20
450,Refrigerator Repair,20
451,Rewiring,20
452,Solar Battery Installation,20
453,Solar Panel Cleaning,20
454,Solar Panel Installation,20
455,Solar Panel Repair,20
456,Switches and Outlets,20
457,Under Floor Heating - Electric System Repair & Maintenance,20
458,Under Floor Heating Installation,20
459,Vacuum Cleaner Repair,20
460,Washing Machine Installation,20
461,Washing Machine Repair,20
462,Water Heater Installation,20
463,Water Heater Repair or Maintenance,20
464,Water Softening & Purification System Installation,20
465,Water Softening & Purification System Maintenance,20
466,Aquarium Services,21
467,Bathroom & Shower Plumbing,21
468,Bathroom Installation & Remodel,21
469,Bathroom Repair,21
470,Boiler Installation or Replacement,21
471,Boiler Repair or Maintenance,21
472,Central Heating System Installation & Replacement,21
473,Central Heating System Repair & Maintenance,21
474,Dishwasher Installation,21
475,Drain & Sewer Clearing,21
476,Gas Appliance Installation,21
477,Gas Appliance Maintenance or Repair,21
478,Gas Safety Check,21
479,General Plumbing,21
480,Gutter Cleaning,21
481,Gutter Installation or Replacement,21
482,Gutter Repairs & Maintenance,21
483,Hot Tub and Spa Installation Maintenance & Cleaning,21
484,Hot Tub and Spa Repair,21
485,Pipe-fitters,21
486,Plumbing Pipe Repair,21
487,Sealing Grouting & Caulking,21
488,Septic Tanks & Soakaway Installation,21
489,Septic Tanks & Soakaway Repair & Maintenance,21
490,Shower Installation,21
491,Soil Irrigation & Drainage,21
492,Taps & Fixtures Installation,21
493,Taps Fixtures & Pipes Maintenance,21
494,Thermostat Installation & Repair,21
495,Under Floor Heating - Water System Repair & Maintenance,21
496,Under Floor Heating Installation,21
497,Washing Machine Installation,21
498,Washing Machine Repair,21
499,Water Heater Installation,21
500,Water Heater Repair or Maintenance,21
501,Water Softening & Purification System Installation,21
502,Water Softening & Purification System Maintenance,21
503,Well System Work,21
504,Arabic Classes,22
505,Chinese Lessons,22
506,Dutch Lessons,22
507,English Lessons,22
508,French Lessons,22
509,German Lessons,22
510,Italian Lessons,22
511,Japanese Lessons,22
512,Portuguese Lessons,22
513,Russian Lessons,22
514,Spanish Lessons,22
515,Turkish Lessons,22
516,Arabic Translation,22
517,Cantonese Translation,22
518,Chinese Translation,22
519,CV Writing,22
520,Czech Translation,22
521,Danish Translation,22
522,Dutch Translation,22
523,Editing,22
524,Farsi Translation,22
525,French Translation,22
526,German Translation,22
527,Greek Translation,22
528,Hebrew Translation,22
529,Hindi Translation,22
530,Indonesian Translation,22
531,Italian Translation,22
532,Japanese Translation,22
533,Korean Translation,22
534,Latin Translation,22
535,Mandarin Translation,22
536,Medical Transcription,22
537,Norwegian Translation,22
538,Polish Translation,22
539,Portuguese Translation,22
540,Romanian Translation,22
541,Russian Translation,22
542,Sanskrit Translation,22
543,Scandinavian Translation,22
544,Somali Translation,22
545,Spanish Translation,22
546,Swahili Translation,22
547,Swedish Translation,22
548,Tagalog Translation,22
549,Thai Translation,22
550,Transcription Services,22
551,Turkish Translation,22
552,Vietnamese Translation,22
553,Website Copywriting,22
554,Welsh Translation,22
555,Writing Services,22
556,Arbitration Services,23
557,Employment Law Specialists,23
558,Arbor Pergola & Trellis Installation,24
559,Artificial Grass Installation,24
560,Artificial Turf Repair,24
561,Awning Installation,24
562,Awning Repair & Maintenance,24
563,Barbecue Installation,24
564,Boulder Placement,24
565,Fence & Gate Installation,24
566,Fence & Gate Repair,24
567,Fertilizing,24
568,Garden Clearance,24
569,Garden Shed Construction,24
570,Garden Sprinkler System Installation,24
571,Garden Sprinkler System Repair & Maintenance,24
572,Gardening,24
573,Gazebo Installation,24
574,Gazebo Repair and Maintenance,24
575,Grass Cutting,24
576,Greenhouse Construction,24
577,Hot Tub and Spa Cleaning,24
578,Hot Tub and Spa Installation, Maintenance & Cleaning,24
579,Hot Tub and Spa Repair,24
580,Ironing Services,24
581,Landscape Design,24
582,Landscaping,24
583,Lawn Care,24
584,Lawn Mower Repair,24
585,Lawn Turfing & Seeding,24
586,Outdoor Lighting & Power,24
587,Patio Cover Repair and Maintenance,24
588,Patio Services,24
589,Play Equipment Construction,24
590,Play Equipment Repair,24
591,Pond & Water Feature Installation,24
592,Pond & Water Feature Repair & Maintenance,24
593,Retaining Wall Construction,24
594,Security Fence Installation,24
595,Snow Ploughing,24
596,Soil Irrigation & Drainage,24
597,Tree and Shrub Planting, Maintenance, or Removal,24
598,Tree Surgery & Removal,24
599,Well System Work,24
600,Wildlife Control,24
601,Xeriscaping,24
602,Archery Lessons,25
603,Badminton Lessons,25
604,Baseball Lessons,25
605,Basketball Lessons,25
606,Cheerleading Lessons,25
607,Chess Lessons,25
608,Climbing Lessons,25
609,CPR Training,25
610,Cycling Training,25
611,Fencing Lessons,25
612,First Aid Training,25
613,Fishing Lessons,25
614,Football Coaching,25
615,Golf Lessons,25
616,Gymnastics Classes,25
617,Horse Riding Lessons,25
618,Ice Skating Lessons,25
619,Kayaking Lessons,25
620,Kiteboarding and Kitesurfing Lessons,25
621,Martial Arts Classes,25
622,Massage Training,25
623,Outdoor Skills Instruction,25
624,Paragliding Lessons,25
625,Personal Trainers,25
626,Pilates Classes,25
627,Pool and Billiards Lessons,25
628,Racquetball Lessons,25
629,Running and Jogging Lessons,25
630,Safety and First Aid Instruction,25
631,Sailing Lessons,25
632,Scuba Diving Lessons,25
633,Self Defence Classes,25
634,Skateboarding Lessons,25
635,Skating Lessons,25
636,Skiing Lessons,25
637,Skydiving Instruction,25
638,Softball Lessons,25
639,Surfing Lessons,25
640,Swimming Lessons,25
641,Table Tennis Coaching,25
642,Tai Chi Lessons,25
643,Tennis Lessons,25
644,Triathlon Coaching,25
645,Volleyball Lessons,25
646,Wakeboarding Lessons,25
647,Water Aerobics Lessons,25
648,Waterskiing Lessons,25
649,Yoga Classes,25
650,Zumba Classes,25
651,Architectural Services,26
652,Boundary Surveyor,26
653,Building Inspections,26
654,Cellar & Basement Conversion,26
655,Commercial Building & Structural Surveyor,26
656,Commercial Valuations Surveyor,26
657,Garage Conversions,26
658,General Surveyor,26
659,Home Energy Auditing & Energy Performance Certificates,26
660,Land Surveyor,26
661,Loft Conversions,26
662,Party Wall Surveyor,26
663,Planning Consultancy,26
664,Property Extensions,26
665,Property Inspection & Inventory,26
666,Quantity Surveyor,26
667,Residential Building & Structural Surveyor,26
668,Residential Valuations Surveyor,26
669,Structural Engineer,26
670,Thermal Imaging,26
671,Artists,27
672,CNC Machine Services,27
673,Crocheting,27
674,Custom Gift Baskets,27
675,Custom Jewellery,27
676,Dressmakers,27
677,Electroplating,27
678,Embroidery,27
679,Engraving,27
680,Fine Art Consultation,27
681,Florists,27
682,Illustrators,27
683,Luggage & Bag Makers,27
684,Music Engraving,27
685,Plastic Fabrication,27
686,Portrait Artistry,27
687,Powder Coating,27
688,Quilting,27
689,Scrapbooking,27
690,Songwriting,27
691,Asbestos Removal,28
692,Asphalt Installation,28
693,Awning Installation,28
694,Backhoe Services,28
695,Barbecue Installation,28
696,Bathroom Accessibility Adaptation,28
697,Brick & Block Paving Services,28
698,Brick Wall Construction,28
699,Building Frame Carpentry,28
700,Cellar & Basement Conversion,28
701,Cladding Installation or Replacement,28
702,Cladding Repair & Maintenance,28
703,Concrete Delivery,28
704,Concrete Flooring Installation,28
705,Concrete Installation,28
706,Concrete Levelling,28
707,Concrete Removal,28
708,Concrete Repair & Maintenance,28
709,Concrete Sawing,28
710,Conservatory Installation,28
711,Damp Proofing,28
712,Deck or Porch Construction,28
713,Deck or Porch Maintenance,28
714,Demolition Services,28
715,Disability & Accessibility Home Installation,28
716,Driveway Installation,28
717,Dry Stone Wall Construction,28
718,Drywall & Plasterboard Installation,28
719,Fence & Gate Installation,28
720,Fireplace & Chimney Installation,28
721,Fireplace & Chimney Service & Repair,28
722,Fitted Wardrobe Installation,28
723,Flat Roofing Installation,28
724,Foundation Services,28
725,Garage & Outbuilding Construction,28
726,Garage & Outbuilding Remodel,28
727,Garage & Outbuilding Repairs,28
728,Garage Conversions,28
729,General Bricklaying,28
730,General Builders,28
731,Glass Block Installers,28
732,Greenhouse Construction,28
733,Internal Renovation & Reconfiguration,28
734,Kitchen Installation & Remodelling,28
735,Kitchen Refurbishment,28
736,Labour Contractors,28
737,Loft Conversions,28
738,Metal Staircase Installation or Replacement,28
739,Outdoor Walls & Retaining Wall Construction,28
740,Patio Services,28
741,Pebble Dash Application,28
742,Porch Installation,28
743,Porch Patio & Canopy Installation,28
744,Post Construction Property Cleanup,28
745,Property Extensions,28
746,Repointing,28
747,Retaining Wall Construction,28
748,Roof Repair,28
749,Roofing Installation or Replacement,28
750,Roofing Leadwork,28
751,Sash Window Installation,28
752,Sash Window Maintenance,28
753,Scaffolding Hire,28
754,Septic Tanks & Soakaway Installation,28
755,Septic Tanks & Soakaway Repair & Maintenance,28
756,Site Preparation,28
757,Stairs,28
758,Structural Steel Work,28
759,Velux / Skylight Window Installation,28
760,Waste Management,28
761,Water Damage Cleanup and Restoration,28
762,Weatherproofing,28
763,Window Fitters,28
764,Wooden Staircase Installation or Replacement,28
765,Asbestos Removal,29
766,Bed Bug Extermination,29
767,Blacksmithing,29
768,Brick & Stone Cleaning,29
769,Chimney Cleaning,29
770,Damp Proofing,29
771,Decorative Glazing & Stained Glass,29
772,Demolition Services,29
773,Disability & Accessibility Home Installation,29
774,Disability & Accessibility Planning,29
775,Drain & Sewer Clearing,29
776,Draught Proofing & Window Insulation,29
777,Dry Stone Wall Construction,29
778,Fine Woodworking,29
779,Furniture Restoration,29
780,Mould Inspection & Remediation,29
781,Mould Remediation,29
782,Mural Painting,29
783,Oven Cleaning,29
784,Period Restorations,29
785,Planning Consultancy,29
786,Sash Window Installation,29
787,Sash Window Maintenance,29
788,Sawmilling,29
789,Seismic Retrofitting,29
790,Skip Hire,29
791,Soundproofing,29
792,Specialist Masonry Construction Services,29
793,Specialist Masonry Repair and Maintenance,29
794,Sports Surface Installation,29
795,Sports Surface Maintenance,29
796,Thatched Roof Installation,29
797,Timber Preservation Woodworm & Rot,29
798,Waste Management,29
799,Water Damage Cleanup and Restoration,29
800,Asphalt Installation,30
801,Asphalt Repair & Maintenance,30
802,Awning Installation,30
803,Awning Repair & Maintenance,30
804,Brick & Block Paving Services,30
805,Driveway Cleaning,30
806,Driveway Installation,30
807,Driveway Maintenance,30
808,Gazebo Installation,30
809,Gazebo Repair and Maintenance,30
810,Patio Cover Repair and Maintenance,30
811,Patio Services,30
812,Porch, Patio & Canopy Installation,30
813,Pressure Washing,30
814,Astrology Reading,31
815,Au Pair Agencies,31
816,Auctioneers,31
817,Baby Sitting,31
818,Bodyguard Services,31
819,Child Minding,31
820,Counselling,31
821,Domiciliary Nursing Care,31
822,Dry Cleaning & Laundry Services,31
823,Errand Running & Concierge,31
824,Family Counselling,31
825,Financial Advisors,31
826,Genealogy,31
827,Home & Domiciliary Care,31
828,House Sitting,31
829,Identity Theft Restoration,31
830,Insurers,31
831,Investment Advisors,31
832,Life Coaching,31
833,Mediation,31
834,Palm Reading,31
835,Paranormal Investigation,31
836,Personal Chef Services,31
837,Private Investigators,31
838,Psychic and New Age Services,31
839,Psychic Reading & Mediums,31
840,Psychology,31
841,Relationship and Marriage Counselling,31
842,Shoe Repair & Cobbler Services,31
843,Spiritual Counselling,31
844,Tarot Card Reading,31
845,Therapist,31
846,Virtual Personal Assistant,31
847,Wardrobe Consulting,31
848,Wardrobe Organizers,31
849,Audio Production Lessons,32
850,Calligraphy Lessons,32
851,Creative and Performing Arts Instruction,32
852,Crocheting Lessons,32
853,Drawing Classes,32
854,Fabric Arts Lessons,32
855,Fashion and Costume Design Instruction,32
856,Filmmaking Lessons,32
857,Flower Arranging Instruction,32
858,Furniture Design Lessons,32
859,Gardening Lessons,32
860,Glass Art Lessons,32
861,Glass Blowing Lessons,32
862,Graphic Design Instruction,32
863,Jewellery Making Lessons,32
864,Knitting Lessons,32
865,Metalworking Instruction,32
866,Painting Classes,32
867,Photography Classes,32
868,Pottery Classes,32
869,Printmaking Lessons,32
870,Quilting Lessons,32
871,Sculpting Lessons,32
872,Sewing Classes,32
873,Silkscreening Lessons,32
874,Welding Instruction,32
875,Woodworking Instruction,32
876,Auditing Services,33
877,Branded Merchandise,33
878,Debt Recovery & Collection,33
879,Payroll Services,33
880,Recovery and Repossession Services,33
881,Statistical Analysis,33
882,Tax Preparation,33
883,Tax Resolution,33
884,Telephone System Services,33
885,Vehicle Tracking,33
886,Background Screening,34
887,HR and Payroll Services,34
888,HR Consulting,34
889,Occupational Health & Safety,34
890,Recruiters & Head Hunters,34
891,Badminton Lessons,35
892,Baseball Lessons,35
893,Basketball Lessons,35
894,Boxing Coaches,35
895,Capoeira Training,35
896,Climbing Lessons,35
897,Cross Fit Training,35
898,Cycling Training,35
899,Fencing Lessons,35
900,Football Coaching,35
901,Golf Lessons,35
902,Gymnastics Classes,35
903,Horse Riding Lessons,35
904,Ice Skating Lessons,35
905,Kayaking Lessons,35
906,Martial Arts Classes,35
907,Paragliding Lessons,35
908,Personal Trainers,35
909,Pilates Classes,35
910,Racquetball Lessons,35
911,Rowing and Crew Lessons,35
912,Running and Jogging Lessons,35
913,Sailing Lessons,35
914,Scuba Diving Lessons,35
915,Skateboarding Lessons,35
916,Skating Lessons,35
917,Skiing Lessons,35
918,Softball Lessons,35
919,Surfing Lessons,35
920,Swimming Lessons,35
921,Table Tennis Coaching,35
922,Tai Chi Lessons,35
923,Tennis Lessons,35
924,Triathlon Coaching,35
925,Volleyball Lessons,35
926,Wakeboarding Lessons,35
927,Water Aerobics Lessons,35
928,Waterskiing Lessons,35
929,Yoga Classes,35
930,Zumba Classes,35
931,Balloon Twisters & Entertainers,36
932,Bouncy Castle Hire,36
933,Clown Entertainment,36
934,Face Painting,36
935,Magician,36
936,Puppet Show Entertainment,36
937,Banister & Railing Installation,37
938,Bespoke Doors,37
939,Bespoke Furniture Design & Build,37
940,Bespoke Kitchen Furniture Design & Build,37
941,Building Frame Carpentry,37
942,Cabinetry,37
943,Fine Woodworking,37
944,Fitted Wardrobe Installation,37
945,Furniture Restoration,37
946,General Carpentry,37
947,General Fitted Furniture,37
948,Interior Plastering & Rendering,37
949,Millwork,37
950,Mural Painting,37
951,Period Restorations,37
952,Picture Framing,37
953,Sash Window Installation,37
954,Sash Window Maintenance,37
955,Shelving Installation,37
956,Specialist Masonry Construction Services,37
957,Specialist Masonry Repair and Maintenance,37
958,Wooden Staircase Installation or Replacement,37
959,Worktops & Splashback Installation,37
960,Bankruptcy Lawyer,38
961,Civil Lawyer,38
962,Commercial Legal Services,38
963,Contracts Lawyer,38
964,Court Interpreting,38
965,Criminal Defense Lawyer,38
966,Debt Recovery & Collection,38
967,Disability Lawyer,38
968,Divorce Lawyers,38
969,Employment Law Specialists,38
970,Estate Lawyer,38
971,Family Lawyers,38
972,Immigration Lawyers,38
973,Intellectual Property & Patent Lawyer,38
974,International Law Specialists,38
975,"Lawyers, Solicitors & Notary Publics",38
976,Legal Document Preparation,38
977,Mediation,38
978,Mortgage Advice,38
979,Process Serving,38
980,Property Law and Conveyancing,38
981,Radon Mitigation,38
982,Tax Lawyer,38
983,Traffic Lawyer,38
984,Wills and Estate Planning,38
985,Barbecue Installation,39
986,Brick & Block Paving Services,39
987,Brick Wall Construction,39
988,Dry Stone Wall Construction,39
989,Fireplace & Chimney Installation,39
990,Fireplace & Chimney Service & Repair,39
991,General Bricklaying,39
992,Glass Block Installers,39
993,Outdoor Walls & Retaining Wall Construction,39
994,Pebble Dash Application,39
995,Repointing,39
996,Retaining Wall Construction,39
997,Bartending,40
998,Cake Making,40
999,Candy Buffet Services,40
1000,Catering,40
1001,Catering Van Hire,40
1002,Cookery Lessons,40
1003,Food Truck Catering,40
1004,Pastry Chef Services,40
1005,Personal Chef Services,40
1006,Restaurant Hire,40
1007,Sommelier Services,40
1008,Wedding Cakes,40
1009,Bathroom & Shower Plumbing,42
1010,Bathroom Design & Planning,42
1011,Bathroom Installation & Remodel,42
1012,Bathroom Repair,42
1013,Bathroom Tilers,42
1014,Cabinetry,42
1015,Pipe-fitters,42
1016,Plumbing Pipe Repair,42
1017,"Sealing, Grouting & Caulking",42
1018,Shower Installation,42
1019,Stone or Tile Flooring Installation,42
1020,Stone or Tile Flooring Repair,42
1021,Tile and Grout Cleaning,42
1022,Vinyl or Linoleum Installation,42
1023,Vinyl or Linoleum Repair,42
1024,Bathroom Design & Planning,43
1025,Bespoke Furniture Design & Build,43
1026,Bespoke Kitchen Furniture Design & Build,43
1027,Commercial Interior Designers,43
1028,Disability & Accessibility Planning,43
1029,Furniture & Upholstery Suppliers,43
1030,Home Staging,43
1031,Interior Lighting Designer,43
1032,Kitchen Design & Planning,43
1033,Landscape Design,43
1034,Residential Interior Designers,43
1035,Signwriting,43
1036,"Window Blinds, Shutters & Curtains",43
1037,Bathroom Tilers,44
1038,Brick & Block Paving Services,44
1039,Floor Tiling,44
1040,Kitchen Tiling,44
1041,Patio Services,44
1042,"Sealing, Grouting & Caulking",44
1043,Stone or Tile Flooring Installation,44
1044,Stone or Tile Flooring Repair,44
1045,Tile Roof Installation,44
1046,Bathroom Tilers,45
1047,Carpet Fitting & Replacement,45
1048,Carpet Repair,45
1049,Concrete Flooring Installation,45
1050,Floor Tiling,45
1051,Flooring Installation,45
1052,Hardwood Floor Installation,45
1053,Hardwood Floor Repair or Partial Replacement,45
1054,Hardwood Floor Sanding & Finishing,45
1055,Kitchen Tiling,45
1056,Laminate Floor Installation,45
1057,Plastic & Rubber Flooring Installation,45
1058,Plastic & Rubber Flooring Maintenance,45
1059,Stone or Tile Flooring Installation,45
1060,Stone or Tile Flooring Repair,45
1061,Under Floor Heating - Electric System Repair & Maintenance,45
1062,Under Floor Heating - Water System Repair & Maintenance,45
1063,Under Floor Heating Installation,45
1064,Vinyl or Linoleum Installation,45
1065,Vinyl or Linoleum Repair,45
1066,Bathroom Tilers,46
1067,Cabinetry,46
1068,Child Proofing,46
1069,Door Repair Services,46
1070,Drywall & Plasterboard Repair,46
1071,Exterior Painting,46
1072,Fence & Gate Installation,46
1073,Fence & Gate Repair,46
1074,Fitted Wardrobe Installation,46
1075,Floor Tiling,46
1076,Furniture & Flat Pack Assembly,46
1077,Garage Door Installation,46
1078,Garage Door Repairs,46
1079,Garden Clearance,46
1080,Garden Shed Construction,46
1081,Gardening,46
1082,Gazebo Installation,46
1083,Gazebo Repair and Maintenance,46
1084,General Tiling,46
1085,Grass Cutting,46
1086,Greenhouse Construction,46
1087,Gutter Cleaning,46
1088,Gutter Repairs & Maintenance,46
1089,Handyman,46
1090,Hardwood Floor Sanding & Finishing,46
1091,Interior Lighting Installation,46
1092,Internal Door Fitter,46
1093,Kitchen Refurbishment,46
1094,Kitchen Tiling,46
1095,Landscaping,46
1096,Lawn Care,46
1097,Man & Van Services,46
1098,Paint Removal & Stripping,46
1099,Painting & Decoration - Interior,46
1100,Patio Cover Repair and Maintenance,46
1101,Patio Services,46
1102,Picture Hanging and Art Installation,46
1103,Play Equipment Construction,46
1104,Play Equipment Repair,46
1105,Pond & Water Feature Installation,46
1106,Pond & Water Feature Repair & Maintenance,46
1107,"Sealing, Grouting & Caulking",46
1108,Shelving Installation,46
1109,Switches and Outlets,46
1110,Taps & Fixtures Installation,46
1111,Taps Fixtures & Pipes Maintenance,46
1112,Tree and Shrub Planting, Maintenance or Removal,46
1113,TV & Home Theatre Installation or Mounting,46
1114,TV Installation & Mounting,46
1115,Vinyl or Linoleum Repair,46
1116,Wallpapering,46
1117,Worktops & Splashback Installation,46
1118,Worktops & Splashback Repair,46
1119,Bed Bug Extermination,47
1120,Commercial Pest Control,47
1121,Pest Control,47
1122,Wildlife Control,47
1123,Bespoke Doors,48
1124,Conservatory Installation,48
1125,Conservatory Roofing Services,48
1126,Decorative Glazing & Stained Glass,48
1127,Door Repair Services,48
1128,Double Glazing,48
1129,Drapes and Curtains,48
1130,External Door Fitter,48
1131,External Shutter Installation,48
1132,Garage Door Installation,48
1133,Garage Door Repairs,48
1134,Glass Block Installers,48
1135,Glazier,48
1136,Internal Door Fitter,48
1137,Sash Window Installation,48
1138,Sash Window Maintenance,48
1139,Storm Windows,48
1140,Velux / Skylight Window Installation,48
1141,Window Blinds,48
1142,Window Blinds Shutters & Curtains,48
1143,Window Cleaners,48
1144,Window Fitters,48
1145,Window Protection & Treatments,48
1146,Window Screen Repair,49
1147,Blacksmithing,49
1148,Fence & Gate Installation,49
1149,Ironmongery & Metalwork,49
1150,Metal Fabrication,49
1151,Metal Metalwork,49
1152,Metal Staircase Installation or Replacement,49
1153,Signwriting,49
1154,Welding,49
1155,Blog Writing Services,50
1156,Email Copywriting,50
1157,PPC Advert Copywriting,50
1158,SEO Copywriting and Content,50
1159,Website Copywriting,50
1160,Branded Clothing,51
1161,Brochure Printing,51
1162,Business Card Printing,51
1163,Canvas Printing,51
1164,General Printing,51
1165,Leaflet Printing,51
1166,NCR Printing,51
1167,Office Stationery,51
1168,Postcard Printing,51
1169,Poster Printing,51
1170,Screen Printing,51
1171,Spot Colour Printing,51
1172,T-shirt and Clothes Printing,52
1173,Branded Clothing,52
1174,Hair Extensions,52
1175,Hair Transplants,52
1176,Laser Hair Removal,52
1177,Tattoo Artists,52
1178,Tattoo Removal,52
1179,Breast Enlargement & Reductions,53
1180,Cosmetic Fillers,53
1181,Hair Transplants,53
1182,Liposuction,53
1183,Other Cosmetic Surgery,53
1184,Rhinoplasty,53
1185,Brexit Mediator,54
1186,Cadbury Cr??me Egg Hunter,54
1187,Competition Enterers,54
1188,Coupon Collector,54
1189,Emergency Skype Counselling,54
1190,Flu Fighter,54
1191,FUT Trader,54
1192,Harry Potter Wizards Unite Player,54
1193,Honey Trapper,54
1194,KonMari Master,54
1195,McDonald's Monopoly Players,54
1196,Online Eradicator,54
1197,Pop Culture Coach,54
1198,Reality Star Squad,54
1199,Toddler Coding Tutor,54
1200,Troll Slayer,54
1201,Wingmen & Wingwomen,54
1202,World Cup Workers,54
1203,Brick & Block Paving Services,55
1204,Concrete Delivery,55
1205,Concrete Flooring Installation,55
1206,Concrete Installation,55
1207,Concrete Levelling,55
1208,Concrete Removal,55
1209,Concrete Repair & Maintenance,55
1210,Concrete Sawing,55
1211,Driveway Installation,55
1212,Foundation Services,55
1213,Retaining Wall Construction,55
1214,Structural Steel Work,55
1215,Brick & Stone Cleaning,56
1216,Carpet Cleaning,56
1217,Chimney Cleaning,56
1218,Commercial & Office Cleaning,56
1219,Commercial & Office Fogging,56
1220,Deep Cleaning Services,56
1221,Drain & Sewer Clearing,56
1222,Driveway Cleaning,56
1223,Duct & Vent Cleaning,56
1224,End of Tenancy Cleaning,56
1225,Garden Clearance,56
1226,Gutter Cleaning,56
1227,Hot Tub and Spa Cleaning,56
1228,House Cleaning,56
1229,House Clearance,56
1230,Odour Removal,56
1231,Oven Cleaning,56
1232,Post Construction Property Cleanup,56
1233,Pressure Washing,56
1234,Rug Cleaning,56
1235,Skip Hire,56
1236,Steam Cleaning,56
1237,Tile and Grout Cleaning,56
1238,Upholstery and Furniture Cleaning,56
1239,Waste Management,56
1240,Window Cleaners,56
1241,Bridesmaids & Groomsmen,57
1242,Bus & Coach Hire,57
1243,Engagement Photography,57
1244,Engagement Videography,57
1245,Honeymoon Planners,57
1246,Honeymoon Travel Agencies,57
1247,Marquee Hire,57
1248,Stag & Hen Venues,57
1249,Vintage Car Hire,57
1250,Wedding Cakes,57
1251,Wedding Car Hire,57
1252,Wedding Catering,57
1253,Wedding Celebrants,57
1254,Wedding Decorating,57
1255,Wedding DJ,57
1256,Wedding Dress Alterations,57
1257,Wedding Dresses,57
1258,Wedding Entertainment,57
1259,Wedding Flowers,57
1260,Wedding Hairstylist,57
1261,Wedding Insurance,57
1262,Wedding Jewellery,57
1263,Wedding Makeup,57
1264,Wedding Music Bands,57
1265,Wedding Musicians,57
1266,Wedding Photo Booths,57
1267,Wedding Photography,57
1268,Wedding Planning,57
1269,Wedding Sound & Lighting,57
1270,Wedding Stationery,57
1271,Wedding Stylist,57
1272,Wedding Toastmasters,57
1273,Wedding Venues,57
1274,Wedding Videography,57
1275,Budgeting and Forecasting Services,58
1276,Business Financial Planning,58
1277,Business Modelling Services,58
1278,Valuations,58
1279,Venture Capital,58
1280,Business Consulting,59
1281,Business Registration,59
1282,Coffee Machines,59
1283,Commercial Government Licensing,59
1284,Commercial Paint Spraying,59
1285,Data Entry,59
1286,Interpreters,59
1287,Office Moving,59
1288,Office Space Rental,59
1289,Personal Government Licensing,59
1290,Translation,59
1291,Virtual Personal Assistant,59
1292,Water Coolers,59
1293,Business Interruption Insurance,60
1294,Car and Fleet Insurance,60
1295,Directors Liability Insurance,60
1296,Health Insurance,60
1297,Insurers,60
1298,Key Man Insurance,60
1299,Life Insurance,60
1300,Property Insurance,60
1301,Public Liability Insurance,60
1302,Stock Insurance,60
1303,Business Mobile Services,61
1304,Internet Service Provider,61
1305,Leased Lines,61
1306,Network Installation and Cabling,61
1307,Office Phone Systems,61
1308,Video Conferencing,61
1309,Business Stationery Design,62
1310,Email Template Design,62
1311,Flyer & Leaflet Design,62
1312,Logo Design,62
1313,Cabinetry,63
1314,Granite Worktop Installation,63
1315,Kitchen Design & Planning,63
1316,Kitchen Installation & Remodelling,63
1317,Kitchen Refurbishment,63
1318,Kitchen Tiling,63
1319,Plumbing Pipe Repair,63
1320,Sealing, Grouting & Caulking,63
1321,Stone or Tile Flooring Installation,63
1322,Stone or Tile Flooring Repair,63
1323,Tile and Grout Cleaning,63
1324,Vinyl or Linoleum Installation,63
1325,Vinyl or Linoleum Repair,63
1326,Worktops & Splashback Installation,63
1327,Worktops & Splashback Repair,63
1328,Clothing Alteration & Tailoring,64
1329,Suit Hire,64
1330,Coding Tuition,65
1331,Database Development,65
1332,General Software development,65
1333,Mobile Software Development,65
1334,Software Testing,65
1335,Web Development,65
1336,Commercial Catering,66
1337,Commercial Event Planning,66
1338,Corporate Coach and Minibus Hire,66
1339,Corporate Event Entertainment,66
1340,Corporate Event Photography,66
1341,Corporate Event Venue Hire,66
1342,Security Guard Services,66
1343,Commercial Legal Services,67
1344,Debt Recovery & Collection,67
1345,Franchising,67
1346,Intellectual Property & Patent Lawyer,67
1347,Merger & Acquisition Lawyers,67
1348,Trademark Lawyers,67
1349,Couriers,68
1350,Leaflet Delivery,68
1351,Mail Delivery,68
1352,Parcel Delivery,68
1353,Coving, Cornice, Trim, & Moulding,69
1354,Exterior Painting,69
1355,Interior Plastering & Rendering,69
1356,Mural Painting,69
1357,Paint Removal & Stripping,69
1358,Painting & Decoration - Interior,69
1359,Pebble Dash Application,69
1360,"Sealing, Grouting & Caulking",69
1361,Wallpapering,69
1362,Water Damage Cleanup and Restoration,69
1363,"Coving, Cornice, Trim, & Moulding",70
1364,Drywall & Plasterboard Repair,70
1365,Home Insulation,70
1366,Interior Plastering & Rendering,70
1367,"Sealing, Grouting & Caulking",70
1368,Soundproofing,70
1369,Weatherproofing,70
1370,Data backup,71
1371,Data Destruction,71
1372,Database security,71
1373,Document Destruction,71
1374,Network security,71
1375,Overall System Security,71
1376,Data Sheets,72
1377,User Documentation,72
1378,White Paper Writing,72
1379,Dog & Pet Grooming,73
1380,Dog Training,73
1381,Dog Walking,73
1382,Farriers,73
1383,Kennels,73
1384,Livery Yards and Stables,73
1385,Pet Care,73
1386,Pet Funerals and Cremations,73
1387,Pet Sitting,73
1388,Pet Trainers,73
1389,Vets,73
1390,Double Glazing,74
1391,Draught Proofing & Window Insulation,74
1392,Electric Charge Points Installation,74
1393,Geothermal Energy Services,74
1394,Home Energy Auditing & Energy Performance Certificates,74
1395,Home Insulation,74
1396,Solar Heating System Installation,74
1397,Solar Heating System Maintenance,74
1398,Solar Panel Installation,74
1399,Solar Water Heater Installation & Maintenance,74
1400,Thermal Imaging,74
1401,Weatherproofing,74
1402,Estate & Lettings Agents,75
1403,Man & Van Services,75
1404,Off-Site Storage Services,75
1405,Property Inspection & Inventory,75
1406,Property Management,75
1407,Real Estate Services,75
1408,Relocation Consultants,75
1409,Explainer Video Services,76
1410,Promotional Video Production,76
1411,Training Video Production,76
1412,Video Design & Production,76
1413,Fence & Gate Installation,77
1414,Fence & Gate Repair,77
1415,Ironmongery & Metalwork,77
1416,Security Fence Installation,77
1417,Security Gate & Barrier Installation,77
1418,Flat Roofing Installation,78
1419,Gutter Cleaning,78
1420,Gutter Guards,78
1421,Gutter Installation or Replacement,78
1422,Gutter Repairs & Maintenance,78
1423,Metal Roof Installation,78
1424,Roof Cleaning,78
1425,Roof Repair,78
1426,Roofing Installation or Replacement,78
1427,Roofing Leadwork,78
1428,Scaffolding Hire,78
1429,Slate Roof Installation,78
1430,Thatched Roof Installation,78
1431,Thatching Maintenance,78
1432,Tile Roof Installation,78
1433,Velux / Skylight Window Installation,78
1434,Freelance Journalists,80
1435,Press Release Creation,80
1436,Graphic Design,81
1437,Infographics,81
1438,UX & UI Design,81
1439,Web Design,81
1440,Hardware Infrastructure,82
1441,Hosting & Cloud Services,82
1442,Network Infrastructure,82
1443,International Law Specialists,83
1444,Property Law and Conveyancing,83
1445,Management Training,84
1446,Motivational Speaking,84
1447,Prince2 Training,84
1448,Sales Training,84
1449,Six Sigma Training,84
1450,Market Analysis,85
1451,Market Research Surveys,85
1452,Packaging Design,85
1453,Packaging Production,85
1454,Point of Sale Design,85
1455,Product Design,85
1456,Prototype Design,85
1457,Pensions and Incentives,86
1458,Tax Lawyer,86
1459,Porch Installation,87
1460,Small Business Loans,88
1461,Tour Guides,89
1462,Travel Agencies,89
